https://999.md/ro/101558330,"28 iul. 2025, 13:52"
https://999.md/ro/100511604,"28 iul. 2025, 13:52"
https://999.md/ro/85589626,"28 iul. 2025, 13:52"
https://999.md/ro/101414073,"28 iul. 2025, 13:51"
https://999.md/ro/100760017,"28 iul. 2025, 13:51"
https://999.md/ro/101427761,"28 iul. 2025, 13:51"
https://999.md/ro/101720238,"28 iul. 2025, 13:50"
https://999.md/ro/101669145,"28 iul. 2025, 13:50"
https://999.md/ro/88836494,"28 iul. 2025, 13:50"
https://999.md/ro/101001283,"28 iul. 2025, 13:50"
https://999.md/ro/84728287,
https://999.md/ro/101589982,"28 iul. 2025, 13:50"
https://999.md/ro/101550431,"28 iul. 2025, 13:50"
https://999.md/ro/100924812,"28 iul. 2025, 13:50"
https://999.md/ro/101669056,"28 iul. 2025, 13:50"
https://999.md/ro/101563965,"28 iul. 2025, 13:49"
https://999.md/ro/101015557,"28 iul. 2025, 13:49"
https://999.md/ro/101559033,"28 iul. 2025, 13:49"
https://999.md/ro/100926972,"28 iul. 2025, 13:49"
https://999.md/ro/89728203,"28 iul. 2025, 13:49"
https://999.md/ro/101720211,"28 iul. 2025, 13:48"
https://999.md/ro/101710829,
https://999.md/ro/101364824,"28 iul. 2025, 13:47"
https://999.md/ro/100936860,"28 iul. 2025, 13:47"
https://999.md/ro/101607992,"28 iul. 2025, 13:46"
https://999.md/ro/101605244,"28 iul. 2025, 13:46"
https://999.md/ro/101476325,"28 iul. 2025, 13:46"
https://999.md/ro/101720186,"28 iul. 2025, 13:45"
https://999.md/ro/100739974,"28 iul. 2025, 13:45"
https://999.md/ro/100825142,"28 iul. 2025, 13:45"
https://999.md/ro/100754400,"28 iul. 2025, 13:45"
https://999.md/ro/101069204,"28 iul. 2025, 13:45"
https://999.md/ro/100866664,"28 iul. 2025, 13:45"
https://999.md/ro/89760518,
https://999.md/ro/101255817,"28 iul. 2025, 13:45"
https://999.md/ro/88214165,"28 iul. 2025, 13:45"
https://999.md/ro/89041345,"28 iul. 2025, 13:45"
https://999.md/ro/101529987,"28 iul. 2025, 13:45"
https://999.md/ro/100816513,"28 iul. 2025, 13:45"
https://999.md/ro/101540463,"28 iul. 2025, 13:45"
https://999.md/ro/101619359,"28 iul. 2025, 13:45"
https://999.md/ro/101417813,"28 iul. 2025, 13:45"
https://999.md/ro/101536086,"28 iul. 2025, 13:45"
https://999.md/ro/101683672,"28 iul. 2025, 13:45"
https://999.md/ro/101355765,"28 iul. 2025, 13:45"
https://999.md/ro/101463035,"28 iul. 2025, 13:44"
https://999.md/ro/101366243,"28 iul. 2025, 13:44"
https://999.md/ro/101686715,
https://999.md/ro/101496324,"28 iul. 2025, 13:44"
https://999.md/ro/101628899,"28 iul. 2025, 13:44"
https://999.md/ro/101666371,"28 iul. 2025, 13:43"
https://999.md/ro/101404717,"28 iul. 2025, 13:43"
https://999.md/ro/81834115,"28 iul. 2025, 13:42"
https://999.md/ro/74848265,"28 iul. 2025, 13:42"
https://999.md/ro/68687760,"28 iul. 2025, 13:42"
https://999.md/ro/101689192,"28 iul. 2025, 13:41"
https://999.md/ro/101687246,"28 iul. 2025, 13:41"
https://999.md/ro/101679080,
https://999.md/ro/101680168,"28 iul. 2025, 13:41"
https://999.md/ro/101674322,"28 iul. 2025, 13:41"
https://999.md/ro/101673624,"28 iul. 2025, 13:41"
https://999.md/ro/101673599,"28 iul. 2025, 13:41"
https://999.md/ro/101673516,"28 iul. 2025, 13:41"
https://999.md/ro/101665636,"28 iul. 2025, 13:41"
https://999.md/ro/101665500,"28 iul. 2025, 13:41"
https://999.md/ro/101665146,"28 iul. 2025, 13:41"
https://999.md/ro/101665072,"28 iul. 2025, 13:41"
https://999.md/ro/101624425,"28 iul. 2025, 13:41"
https://999.md/ro/101610462,"28 iul. 2025, 13:41"
https://999.md/ro/101610394,"28 iul. 2025, 13:41"
https://999.md/ro/101610345,"28 iul. 2025, 13:41"
https://999.md/ro/101677498,
https://999.md/ro/101720134,"28 iul. 2025, 13:41"
https://999.md/ro/101471851,"28 iul. 2025, 13:40"
https://999.md/ro/101466197,"28 iul. 2025, 13:40"
https://999.md/ro/101465633,"28 iul. 2025, 13:40"
https://999.md/ro/101465604,"28 iul. 2025, 13:40"
https://999.md/ro/100348680,"28 iul. 2025, 13:40"
https://999.md/ro/101056399,"28 iul. 2025, 13:40"
https://999.md/ro/88874836,"28 iul. 2025, 13:40"
https://999.md/ro/101720104,"28 iul. 2025, 13:39"
https://999.md/ro/101058044,"28 iul. 2025, 13:39"
https://999.md/ro/101027198,"28 iul. 2025, 13:38"
https://999.md/ro/101363882,"28 iul. 2025, 13:38"
https://999.md/ro/101027316,"28 iul. 2025, 13:38"
https://999.md/ro/101094203,"28 iul. 2025, 13:38"
https://999.md/ro/101658887,"28 iul. 2025, 13:37"
https://999.md/ro/101477758,"28 iul. 2025, 13:37"
https://999.md/ro/101364186,"28 iul. 2025, 13:37"
https://999.md/ro/101339297,"28 iul. 2025, 13:36"
https://999.md/ro/100164446,"28 iul. 2025, 13:36"
https://999.md/ro/89523886,"28 iul. 2025, 13:36"
https://999.md/ro/101223521,
https://999.md/ro/100803018,"28 iul. 2025, 13:35"
https://999.md/ro/86908260,"28 iul. 2025, 13:35"
https://999.md/ro/100810413,"28 iul. 2025, 13:35"
https://999.md/ro/100563602,"28 iul. 2025, 13:35"
https://999.md/ro/100259567,"28 iul. 2025, 13:35"
https://999.md/ro/100806007,"28 iul. 2025, 13:35"
https://999.md/ro/100688840,"28 iul. 2025, 13:35"
https://999.md/ro/100126480,"28 iul. 2025, 13:35"
https://999.md/ro/100037214,"28 iul. 2025, 13:35"
https://999.md/ro/101170940,"28 iul. 2025, 13:35"
https://999.md/ro/100933125,"28 iul. 2025, 13:35"
https://999.md/ro/101266114,"28 iul. 2025, 13:35"
https://999.md/ro/101103318,"28 iul. 2025, 13:35"
https://999.md/ro/101677528,
https://999.md/ro/100874370,"28 iul. 2025, 13:35"
https://999.md/ro/101427327,"28 iul. 2025, 13:35"
https://999.md/ro/89181794,"28 iul. 2025, 13:35"
https://999.md/ro/89140147,"28 iul. 2025, 13:35"
https://999.md/ro/89181799,"28 iul. 2025, 13:35"
https://999.md/ro/89140229,"28 iul. 2025, 13:35"
https://999.md/ro/89140255,"28 iul. 2025, 13:35"
https://999.md/ro/89140196,"28 iul. 2025, 13:35"
https://999.md/ro/101530631,"28 iul. 2025, 13:35"
https://999.md/ro/101556178,"28 iul. 2025, 13:35"
https://999.md/ro/101671120,"28 iul. 2025, 13:35"
https://999.md/ro/101661233,
https://999.md/ro/101720055,"28 iul. 2025, 13:34"
https://999.md/ro/89858919,"28 iul. 2025, 13:34"
https://999.md/ro/100640341,"28 iul. 2025, 13:33"
https://999.md/ro/101720045,"28 iul. 2025, 13:33"
https://999.md/ro/100565524,"28 iul. 2025, 13:33"
https://999.md/ro/101091632,"28 iul. 2025, 13:33"
https://999.md/ro/101032021,"28 iul. 2025, 13:33"
https://999.md/ro/101720029,"28 iul. 2025, 13:32"
https://999.md/ro/101655580,"28 iul. 2025, 13:32"
https://999.md/ro/101547302,"28 iul. 2025, 13:31"
https://999.md/ro/100821756,"28 iul. 2025, 13:31"
https://999.md/ro/101504203,
https://999.md/ro/100248951,"28 iul. 2025, 13:31"
https://999.md/ro/101285914,"28 iul. 2025, 13:31"
https://999.md/ro/89862676,"28 iul. 2025, 13:30"
https://999.md/ro/101317484,"28 iul. 2025, 13:30"
https://999.md/ro/101329955,"28 iul. 2025, 13:30"
https://999.md/ro/101341365,"28 iul. 2025, 13:30"
https://999.md/ro/101417360,"28 iul. 2025, 13:30"
https://999.md/ro/101329343,"28 iul. 2025, 13:30"
https://999.md/ro/101317402,"28 iul. 2025, 13:30"
https://999.md/ro/101427440,"28 iul. 2025, 13:30"
https://999.md/ro/100988591,"28 iul. 2025, 13:30"
https://999.md/ro/89777186,
https://999.md/ro/101352568,"28 iul. 2025, 13:30"
https://999.md/ro/100548673,"28 iul. 2025, 13:30"
https://999.md/ro/100751761,"28 iul. 2025, 13:30"
https://999.md/ro/100651962,"28 iul. 2025, 13:30"
https://999.md/ro/100276784,"28 iul. 2025, 13:30"
https://999.md/ro/100893727,"28 iul. 2025, 13:30"
https://999.md/ro/100654991,"28 iul. 2025, 13:30"
https://999.md/ro/86313620,"28 iul. 2025, 13:30"
https://999.md/ro/86646111,"28 iul. 2025, 13:30"
https://999.md/ro/100346879,"28 iul. 2025, 13:30"
https://999.md/ro/101629980,
https://999.md/ro/100293959,"28 iul. 2025, 13:30"
https://999.md/ro/100306107,"28 iul. 2025, 13:30"
https://999.md/ro/100105131,"28 iul. 2025, 13:30"
https://999.md/ro/100053263,"28 iul. 2025, 13:30"
https://999.md/ro/100124225,"28 iul. 2025, 13:30"
https://999.md/ro/100134020,"28 iul. 2025, 13:30"
https://999.md/ro/100127705,"28 iul. 2025, 13:30"
https://999.md/ro/101212142,"28 iul. 2025, 13:30"
https://999.md/ro/101195186,"28 iul. 2025, 13:30"
https://999.md/ro/101171190,"28 iul. 2025, 13:30"
https://999.md/ro/100953947,"28 iul. 2025, 13:30"
https://999.md/ro/101210748,"28 iul. 2025, 13:30"
https://999.md/ro/101591237,"28 iul. 2025, 13:30"
https://999.md/ro/101591587,"28 iul. 2025, 13:30"
https://999.md/ro/101473959,"28 iul. 2025, 13:30"
https://999.md/ro/101531891,"28 iul. 2025, 13:30"
https://999.md/ro/101487271,"28 iul. 2025, 13:30"
https://999.md/ro/101549380,"28 iul. 2025, 13:30"
https://999.md/ro/101654833,"28 iul. 2025, 13:30"
https://999.md/ro/89206854,"28 iul. 2025, 13:29"
https://999.md/ro/100373818,"28 iul. 2025, 13:29"
https://999.md/ro/100650270,"28 iul. 2025, 13:29"
https://999.md/ro/89697488,
https://999.md/ro/101624554,"28 iul. 2025, 13:29"
https://999.md/ro/100356219,"28 iul. 2025, 13:29"
https://999.md/ro/100250033,"28 iul. 2025, 13:29"
https://999.md/ro/101230466,"28 iul. 2025, 13:29"
https://999.md/ro/101719980,"28 iul. 2025, 13:28"
https://999.md/ro/101719981,"28 iul. 2025, 13:28"
https://999.md/ro/101658959,"28 iul. 2025, 13:28"
https://999.md/ro/101719275,"28 iul. 2025, 13:27"
https://999.md/ro/100922149,"28 iul. 2025, 13:27"
https://999.md/ro/101267573,"28 iul. 2025, 13:27"
https://999.md/ro/101284090,"28 iul. 2025, 13:27"
https://999.md/ro/101719962,"28 iul. 2025, 13:26"
https://999.md/ro/101355083,
https://999.md/ro/101719960,"28 iul. 2025, 13:26"
https://999.md/ro/100595890,"28 iul. 2025, 13:26"
https://999.md/ro/100963931,"28 iul. 2025, 13:26"
https://999.md/ro/101014385,"28 iul. 2025, 13:26"
https://999.md/ro/100964080,"28 iul. 2025, 13:26"
https://999.md/ro/101406426,"28 iul. 2025, 13:26"
https://999.md/ro/101530345,"28 iul. 2025, 13:26"
https://999.md/ro/101303570,"28 iul. 2025, 13:25"
https://999.md/ro/101101639,"28 iul. 2025, 13:25"
https://999.md/ro/100660536,"28 iul. 2025, 13:25"
https://999.md/ro/101708775,
https://999.md/ro/101010789,"28 iul. 2025, 13:25"
https://999.md/ro/100607410,"28 iul. 2025, 13:25"
https://999.md/ro/100764586,"28 iul. 2025, 13:25"
https://999.md/ro/100815464,"28 iul. 2025, 13:25"
https://999.md/ro/100963394,"28 iul. 2025, 13:25"
https://999.md/ro/100931764,"28 iul. 2025, 13:25"
https://999.md/ro/85734929,"28 iul. 2025, 13:25"
https://999.md/ro/86078575,"28 iul. 2025, 13:25"
https://999.md/ro/85243143,"28 iul. 2025, 13:25"
https://999.md/ro/86339828,"28 iul. 2025, 13:25"
https://999.md/ro/86855092,"28 iul. 2025, 13:25"
https://999.md/ro/85243662,"28 iul. 2025, 13:25"
https://999.md/ro/101694960,
https://999.md/ro/87724196,"28 iul. 2025, 13:25"
https://999.md/ro/86977042,"28 iul. 2025, 13:25"
https://999.md/ro/101256133,"28 iul. 2025, 13:25"
https://999.md/ro/101274333,"28 iul. 2025, 13:25"
https://999.md/ro/101161485,"28 iul. 2025, 13:25"
https://999.md/ro/101060095,"28 iul. 2025, 13:25"
https://999.md/ro/101139463,"28 iul. 2025, 13:25"
https://999.md/ro/101160924,"28 iul. 2025, 13:25"
https://999.md/ro/101233027,"28 iul. 2025, 13:25"
https://999.md/ro/101274448,"28 iul. 2025, 13:25"
https://999.md/ro/100597198,"28 iul. 2025, 13:25"
https://999.md/ro/101242363,
https://999.md/ro/101274733,"28 iul. 2025, 13:25"
https://999.md/ro/101463917,"28 iul. 2025, 13:25"
https://999.md/ro/101444285,"28 iul. 2025, 13:25"
https://999.md/ro/101476738,"28 iul. 2025, 13:25"
https://999.md/ro/101485036,"28 iul. 2025, 13:25"
https://999.md/ro/101416217,"28 iul. 2025, 13:25"
https://999.md/ro/101492130,"28 iul. 2025, 13:25"
https://999.md/ro/100274742,"28 iul. 2025, 13:25"
https://999.md/ro/100116671,"28 iul. 2025, 13:25"
https://999.md/ro/101682814,
https://999.md/ro/100446799,"28 iul. 2025, 13:25"
https://999.md/ro/100038905,"28 iul. 2025, 13:25"
https://999.md/ro/101619653,"28 iul. 2025, 13:25"
https://999.md/ro/101662083,"28 iul. 2025, 13:25"
https://999.md/ro/101667849,"28 iul. 2025, 13:25"
https://999.md/ro/101640402,"28 iul. 2025, 13:25"
https://999.md/ro/101697982,"28 iul. 2025, 13:25"
https://999.md/ro/101619577,"28 iul. 2025, 13:25"
https://999.md/ro/101656802,"28 iul. 2025, 13:25"
https://999.md/ro/101533038,"28 iul. 2025, 13:25"
https://999.md/ro/101591368,"28 iul. 2025, 13:25"
https://999.md/ro/101547193,"28 iul. 2025, 13:25"
https://999.md/ro/101537085,"28 iul. 2025, 13:25"
https://999.md/ro/101540859,"28 iul. 2025, 13:25"
https://999.md/ro/100921419,"28 iul. 2025, 12:46"
https://999.md/ro/100805180,"28 iul. 2025, 12:46"
https://999.md/ro/100612110,"28 iul. 2025, 12:46"
https://999.md/ro/100574939,"28 iul. 2025, 12:46"
https://999.md/ro/100468212,"28 iul. 2025, 12:46"
https://999.md/ro/100444488,"28 iul. 2025, 12:46"
https://999.md/ro/100434556,"28 iul. 2025, 12:46"
https://999.md/ro/100434501,"28 iul. 2025, 12:46"
https://999.md/ro/100374969,"28 iul. 2025, 12:46"
https://999.md/ro/100374562,"28 iul. 2025, 12:46"
https://999.md/ro/100023214,"28 iul. 2025, 12:46"
https://999.md/ro/101264548,"28 iul. 2025, 12:46"
https://999.md/ro/101487379,"28 iul. 2025, 12:46"
https://999.md/ro/101242148,"28 iul. 2025, 12:46"
https://999.md/ro/101687517,"28 iul. 2025, 12:45"
https://999.md/ro/89713198,"28 iul. 2025, 12:45"
https://999.md/ro/88742653,"28 iul. 2025, 12:45"
https://999.md/ro/88648244,"28 iul. 2025, 12:45"
https://999.md/ro/88039812,"28 iul. 2025, 12:45"
https://999.md/ro/101675950,"28 iul. 2025, 12:45"
https://999.md/ro/101669103,"28 iul. 2025, 12:45"
https://999.md/ro/101664404,"28 iul. 2025, 12:45"
https://999.md/ro/101631183,"28 iul. 2025, 12:45"
https://999.md/ro/101624284,"28 iul. 2025, 12:45"
https://999.md/ro/101600918,"28 iul. 2025, 12:45"
https://999.md/ro/101600784,"28 iul. 2025, 12:45"
https://999.md/ro/101547176,"28 iul. 2025, 12:45"
https://999.md/ro/101546915,"28 iul. 2025, 12:45"
https://999.md/ro/101540001,"28 iul. 2025, 12:45"
https://999.md/ro/101531100,"28 iul. 2025, 12:45"
https://999.md/ro/101527511,"28 iul. 2025, 12:45"
https://999.md/ro/101664863,
https://999.md/ro/101504936,"28 iul. 2025, 12:45"
https://999.md/ro/101496896,"28 iul. 2025, 12:45"
https://999.md/ro/101496879,"28 iul. 2025, 12:45"
https://999.md/ro/101426649,"28 iul. 2025, 12:45"
https://999.md/ro/101418679,"28 iul. 2025, 12:45"
https://999.md/ro/101417135,"28 iul. 2025, 12:45"
https://999.md/ro/101404955,"28 iul. 2025, 12:45"
https://999.md/ro/101393073,"28 iul. 2025, 12:45"
https://999.md/ro/101341699,"28 iul. 2025, 12:45"
https://999.md/ro/101321489,"28 iul. 2025, 12:45"
https://999.md/ro/101287863,"28 iul. 2025, 12:45"
https://999.md/ro/101254920,"28 iul. 2025, 12:45"
https://999.md/ro/101233290,"28 iul. 2025, 12:45"
https://999.md/ro/101214928,"28 iul. 2025, 12:45"
https://999.md/ro/101190424,"28 iul. 2025, 12:45"
https://999.md/ro/101162599,"28 iul. 2025, 12:45"
https://999.md/ro/101148789,"28 iul. 2025, 12:45"
https://999.md/ro/101139740,"28 iul. 2025, 12:45"
https://999.md/ro/101071320,"28 iul. 2025, 12:45"
https://999.md/ro/101056636,"28 iul. 2025, 12:45"
https://999.md/ro/100935883,"28 iul. 2025, 12:45"
https://999.md/ro/100810304,"28 iul. 2025, 12:45"
https://999.md/ro/100772679,"28 iul. 2025, 12:45"
https://999.md/ro/100772527,"28 iul. 2025, 12:45"
https://999.md/ro/101354274,
https://999.md/ro/100752853,"28 iul. 2025, 12:45"
https://999.md/ro/100607011,"28 iul. 2025, 12:45"
https://999.md/ro/100531810,"28 iul. 2025, 12:45"
https://999.md/ro/100525229,"28 iul. 2025, 12:45"
https://999.md/ro/100446141,"28 iul. 2025, 12:45"
https://999.md/ro/100401909,"28 iul. 2025, 12:45"
https://999.md/ro/100374512,"28 iul. 2025, 12:45"
https://999.md/ro/100262054,"28 iul. 2025, 12:45"
https://999.md/ro/100418356,"28 iul. 2025, 12:45"
https://999.md/ro/100662013,"28 iul. 2025, 12:45"
https://999.md/ro/101025220,"28 iul. 2025, 12:45"
https://999.md/ro/101711341,
https://999.md/ro/100813215,"28 iul. 2025, 12:45"
https://999.md/ro/100749690,"28 iul. 2025, 12:45"
https://999.md/ro/100345930,"28 iul. 2025, 12:45"
https://999.md/ro/100662191,"28 iul. 2025, 12:45"
https://999.md/ro/100532612,"28 iul. 2025, 12:45"
https://999.md/ro/100545231,"28 iul. 2025, 12:45"
https://999.md/ro/101068506,"28 iul. 2025, 12:45"
https://999.md/ro/100835489,"28 iul. 2025, 12:45"
https://999.md/ro/101001230,"28 iul. 2025, 12:45"
https://999.md/ro/100116114,"28 iul. 2025, 12:45"
https://999.md/ro/100166278,"28 iul. 2025, 12:45"
https://999.md/ro/100094385,"28 iul. 2025, 12:45"
https://999.md/ro/100124674,"28 iul. 2025, 12:35"
https://999.md/ro/100091046,"28 iul. 2025, 12:35"
https://999.md/ro/101590584,"28 iul. 2025, 12:35"
https://999.md/ro/101664991,"28 iul. 2025, 12:35"
https://999.md/ro/101504403,"28 iul. 2025, 12:35"
https://999.md/ro/101530658,"28 iul. 2025, 12:35"
https://999.md/ro/101697774,"28 iul. 2025, 12:35"
https://999.md/ro/101652286,"28 iul. 2025, 12:35"
https://999.md/ro/100673273,"28 iul. 2025, 12:35"
https://999.md/ro/100931955,"28 iul. 2025, 12:35"
https://999.md/ro/101657139,
https://999.md/ro/101149544,"28 iul. 2025, 12:35"
https://999.md/ro/101016118,"28 iul. 2025, 12:35"
https://999.md/ro/101275634,"28 iul. 2025, 12:35"
https://999.md/ro/100922561,"28 iul. 2025, 12:35"
https://999.md/ro/88814555,"28 iul. 2025, 12:35"
https://999.md/ro/88060528,"28 iul. 2025, 12:35"
https://999.md/ro/101226751,"28 iul. 2025, 12:35"
https://999.md/ro/101717832,"28 iul. 2025, 12:35"
https://999.md/ro/101486285,"28 iul. 2025, 12:34"
https://999.md/ro/101703761,"28 iul. 2025, 12:34"
https://999.md/ro/101717762,"28 iul. 2025, 12:34"
https://999.md/ro/101610356,"28 iul. 2025, 12:34"
https://999.md/ro/100101386,"28 iul. 2025, 12:34"
https://999.md/ro/101232217,"28 iul. 2025, 12:34"
https://999.md/ro/100932172,"28 iul. 2025, 12:34"
https://999.md/ro/101594043,"28 iul. 2025, 12:34"
https://999.md/ro/88424934,"28 iul. 2025, 12:34"
https://999.md/ro/101605457,"28 iul. 2025, 12:34"
https://999.md/ro/101492601,"28 iul. 2025, 12:34"
https://999.md/ro/100359186,"28 iul. 2025, 12:34"
https://999.md/ro/101610609,"28 iul. 2025, 12:34"
https://999.md/ro/101600976,"28 iul. 2025, 12:34"
https://999.md/ro/101603536,"28 iul. 2025, 12:34"
https://999.md/ro/101611423,"28 iul. 2025, 12:34"
https://999.md/ro/101668489,"28 iul. 2025, 12:34"
https://999.md/ro/101621524,"28 iul. 2025, 12:34"
https://999.md/ro/101615603,"28 iul. 2025, 12:34"
https://999.md/ro/101623197,"28 iul. 2025, 12:34"
https://999.md/ro/101615298,"28 iul. 2025, 12:34"
https://999.md/ro/101332378,"28 iul. 2025, 12:33"
https://999.md/ro/101605152,"28 iul. 2025, 12:33"
https://999.md/ro/101366404,"28 iul. 2025, 12:33"
https://999.md/ro/101685247,"28 iul. 2025, 12:33"
https://999.md/ro/101135804,
https://999.md/ro/101425957,"28 iul. 2025, 12:33"
https://999.md/ro/101684340,"28 iul. 2025, 12:33"
https://999.md/ro/101665471,"28 iul. 2025, 12:33"
https://999.md/ro/101717053,"28 iul. 2025, 12:33"
https://999.md/ro/101719260,"28 iul. 2025, 12:32"
https://999.md/ro/100585930,"28 iul. 2025, 12:32"
https://999.md/ro/100707108,"28 iul. 2025, 12:31"
https://999.md/ro/101403614,"28 iul. 2025, 12:31"
https://999.md/ro/100751038,"28 iul. 2025, 12:31"
https://999.md/ro/101694694,"28 iul. 2025, 12:31"
https://999.md/ro/101233774,
https://999.md/ro/101594452,"28 iul. 2025, 12:31"
https://999.md/ro/101719231,"28 iul. 2025, 12:30"
https://999.md/ro/101340759,"28 iul. 2025, 12:30"
https://999.md/ro/101719229,"28 iul. 2025, 12:30"
https://999.md/ro/101639459,"28 iul. 2025, 12:30"
https://999.md/ro/101664938,"28 iul. 2025, 12:30"
https://999.md/ro/101131974,"28 iul. 2025, 12:30"
https://999.md/ro/89798122,"28 iul. 2025, 12:30"
https://999.md/ro/88286193,"28 iul. 2025, 12:30"
https://999.md/ro/89830399,"28 iul. 2025, 12:30"
https://999.md/ro/89781709,"28 iul. 2025, 12:30"
https://999.md/ro/88884699,"28 iul. 2025, 12:30"
https://999.md/ro/78717461,
https://999.md/ro/89798120,"28 iul. 2025, 12:30"
https://999.md/ro/89798115,"28 iul. 2025, 12:30"
https://999.md/ro/86746082,"28 iul. 2025, 12:30"
https://999.md/ro/100744085,"28 iul. 2025, 12:30"
https://999.md/ro/100924367,"28 iul. 2025, 12:30"
https://999.md/ro/100946490,"28 iul. 2025, 12:30"
https://999.md/ro/100996896,"28 iul. 2025, 12:30"
https://999.md/ro/101032750,"28 iul. 2025, 12:30"
https://999.md/ro/101168477,"28 iul. 2025, 12:30"
https://999.md/ro/100574578,"28 iul. 2025, 12:30"
https://999.md/ro/100389795,"28 iul. 2025, 12:30"
https://999.md/ro/100655424,"28 iul. 2025, 12:30"
https://999.md/ro/100667031,"28 iul. 2025, 12:30"
https://999.md/ro/88961275,"28 iul. 2025, 12:30"
https://999.md/ro/100496995,"28 iul. 2025, 12:30"
https://999.md/ro/100122414,"28 iul. 2025, 12:30"
https://999.md/ro/101274547,"28 iul. 2025, 12:30"
https://999.md/ro/101319487,"28 iul. 2025, 12:30"
https://999.md/ro/101392987,"28 iul. 2025, 12:30"
https://999.md/ro/101560942,"28 iul. 2025, 12:30"
https://999.md/ro/100169394,"28 iul. 2025, 12:30"
https://999.md/ro/101530448,"28 iul. 2025, 12:30"
https://999.md/ro/101525300,"28 iul. 2025, 12:30"
https://999.md/ro/101591166,"28 iul. 2025, 12:30"
https://999.md/ro/101656287,"28 iul. 2025, 12:30"
https://999.md/ro/101419529,"28 iul. 2025, 12:30"
https://999.md/ro/101397516,"28 iul. 2025, 12:30"
https://999.md/ro/101483263,"28 iul. 2025, 12:30"
https://999.md/ro/89031899,"28 iul. 2025, 12:30"
https://999.md/ro/101416539,"28 iul. 2025, 12:30"
https://999.md/ro/101438475,"28 iul. 2025, 12:30"
https://999.md/ro/101532998,"28 iul. 2025, 12:30"
https://999.md/ro/101694841,"28 iul. 2025, 12:30"
https://999.md/ro/101223423,
https://999.md/ro/101687197,"28 iul. 2025, 12:30"
https://999.md/ro/101591616,"28 iul. 2025, 12:30"
https://999.md/ro/101671514,"28 iul. 2025, 12:29"
https://999.md/ro/101395386,"28 iul. 2025, 12:29"
https://999.md/ro/101230204,"28 iul. 2025, 12:29"
https://999.md/ro/100374038,"28 iul. 2025, 12:29"
https://999.md/ro/101130572,"28 iul. 2025, 12:29"
https://999.md/ro/101667063,"28 iul. 2025, 12:28"
https://999.md/ro/101666863,"28 iul. 2025, 12:28"
https://999.md/ro/101719206,"28 iul. 2025, 12:28"
https://999.md/ro/101713540,"28 iul. 2025, 12:28"
https://999.md/ro/101695503,
https://999.md/ro/101569816,"28 iul. 2025, 12:28"
https://999.md/ro/101563124,"28 iul. 2025, 12:28"
https://999.md/ro/101447989,"28 iul. 2025, 12:28"
https://999.md/ro/101435338,"28 iul. 2025, 12:28"
https://999.md/ro/101391267,"28 iul. 2025, 12:28"
https://999.md/ro/101150356,"28 iul. 2025, 12:28"
https://999.md/ro/101138203,"28 iul. 2025, 12:28"
https://999.md/ro/101666347,"28 iul. 2025, 12:28"
https://999.md/ro/101473191,"28 iul. 2025, 12:28"
https://999.md/ro/101666264,"28 iul. 2025, 12:27"
https://999.md/ro/101616341,"28 iul. 2025, 12:27"
https://999.md/ro/101719194,"28 iul. 2025, 12:27"
https://999.md/ro/101200775,"28 iul. 2025, 12:27"
https://999.md/ro/101138314,"28 iul. 2025, 12:27"
https://999.md/ro/101414774,"28 iul. 2025, 12:27"
https://999.md/ro/100505807,"28 iul. 2025, 12:27"
https://999.md/ro/100348621,"28 iul. 2025, 12:27"
https://999.md/ro/101152028,"28 iul. 2025, 12:26"
https://999.md/ro/100599060,"28 iul. 2025, 12:26"
https://999.md/ro/100599035,"28 iul. 2025, 12:26"
https://999.md/ro/101289987,"28 iul. 2025, 12:26"
https://999.md/ro/100782514,"28 iul. 2025, 12:26"
https://999.md/ro/101605266,"28 iul. 2025, 12:26"
https://999.md/ro/100586124,"28 iul. 2025, 12:25"
https://999.md/ro/101551187,"28 iul. 2025, 12:25"
https://999.md/ro/101629465,"28 iul. 2025, 12:25"
https://999.md/ro/101421185,"28 iul. 2025, 12:25"
https://999.md/ro/101719165,"28 iul. 2025, 12:25"
https://999.md/ro/101594237,"28 iul. 2025, 12:25"
https://999.md/ro/100585501,"28 iul. 2025, 12:25"
https://999.md/ro/101641889,"28 iul. 2025, 12:25"
https://999.md/ro/101606056,"28 iul. 2025, 12:25"
https://999.md/ro/101719162,"28 iul. 2025, 12:25"
https://999.md/ro/101435088,"28 iul. 2025, 12:25"
https://999.md/ro/101659421,"28 iul. 2025, 12:25"
https://999.md/ro/101592161,"28 iul. 2025, 12:25"
https://999.md/ro/101564656,"28 iul. 2025, 12:25"
https://999.md/ro/101717571,"28 iul. 2025, 12:25"
https://999.md/ro/101594233,"28 iul. 2025, 12:25"
https://999.md/ro/101500934,"28 iul. 2025, 12:25"
https://999.md/ro/101659284,"28 iul. 2025, 12:25"
https://999.md/ro/101592033,"28 iul. 2025, 12:25"
https://999.md/ro/101548489,"28 iul. 2025, 12:25"
https://999.md/ro/101558047,"28 iul. 2025, 12:25"
https://999.md/ro/101569446,"28 iul. 2025, 12:25"
https://999.md/ro/101620231,"28 iul. 2025, 12:25"
https://999.md/ro/101574537,"28 iul. 2025, 12:16"
https://999.md/ro/101525074,"28 iul. 2025, 12:16"
https://999.md/ro/101658951,"28 iul. 2025, 12:16"
https://999.md/ro/88901919,"28 iul. 2025, 12:16"
https://999.md/ro/101656548,"28 iul. 2025, 12:16"
https://999.md/ro/101604596,"28 iul. 2025, 12:15"
https://999.md/ro/101655201,"28 iul. 2025, 12:15"
https://999.md/ro/101074282,"28 iul. 2025, 12:15"
https://999.md/ro/100523860,"28 iul. 2025, 12:15"
https://999.md/ro/100763840,"28 iul. 2025, 12:15"
https://999.md/ro/100651848,"28 iul. 2025, 12:15"
https://999.md/ro/101607108,
https://999.md/ro/100653033,"28 iul. 2025, 12:15"
https://999.md/ro/100587324,"28 iul. 2025, 12:15"
https://999.md/ro/100588362,"28 iul. 2025, 12:15"
https://999.md/ro/100608321,"28 iul. 2025, 12:15"
https://999.md/ro/100588512,"28 iul. 2025, 12:15"
https://999.md/ro/100762021,"28 iul. 2025, 12:15"
https://999.md/ro/101569679,"28 iul. 2025, 12:15"
https://999.md/ro/101539045,"28 iul. 2025, 12:15"
https://999.md/ro/101548218,"28 iul. 2025, 12:15"
https://999.md/ro/101318565,"28 iul. 2025, 12:15"
https://999.md/ro/101266518,"28 iul. 2025, 12:15"
https://999.md/ro/101204929,"28 iul. 2025, 12:15"
https://999.md/ro/101210236,"28 iul. 2025, 12:15"
https://999.md/ro/101139295,"28 iul. 2025, 12:15"
https://999.md/ro/101088445,"28 iul. 2025, 12:15"
https://999.md/ro/100741711,"28 iul. 2025, 12:15"
https://999.md/ro/83452801,"28 iul. 2025, 12:15"
https://999.md/ro/101150552,"28 iul. 2025, 12:15"
https://999.md/ro/101264169,"28 iul. 2025, 12:15"
https://999.md/ro/89204026,"28 iul. 2025, 12:15"
https://999.md/ro/88836201,"28 iul. 2025, 12:15"
https://999.md/ro/87146551,"28 iul. 2025, 12:15"
https://999.md/ro/86145427,"28 iul. 2025, 12:15"
https://999.md/ro/89245671,"28 iul. 2025, 12:15"
https://999.md/ro/86918289,"28 iul. 2025, 12:15"
https://999.md/ro/88010883,"28 iul. 2025, 12:15"
https://999.md/ro/89859224,"28 iul. 2025, 12:15"
https://999.md/ro/89247900,"28 iul. 2025, 12:15"
https://999.md/ro/88625782,"28 iul. 2025, 12:15"
https://999.md/ro/89038710,"28 iul. 2025, 12:15"
https://999.md/ro/84807302,"28 iul. 2025, 12:15"
https://999.md/ro/100997485,"28 iul. 2025, 12:15"
https://999.md/ro/89760365,
https://999.md/ro/100764513,"28 iul. 2025, 12:15"
https://999.md/ro/100955489,"28 iul. 2025, 12:15"
https://999.md/ro/101011110,"28 iul. 2025, 12:15"
https://999.md/ro/100771153,"28 iul. 2025, 12:15"
https://999.md/ro/100946688,"28 iul. 2025, 12:15"
https://999.md/ro/101024255,"28 iul. 2025, 12:15"
https://999.md/ro/100764413,"28 iul. 2025, 12:15"
https://999.md/ro/101014398,"28 iul. 2025, 12:15"
https://999.md/ro/101016263,"28 iul. 2025, 12:15"
https://999.md/ro/101655824,"28 iul. 2025, 12:15"
https://999.md/ro/101693733,"28 iul. 2025, 12:15"
https://999.md/ro/101697652,"28 iul. 2025, 12:15"
https://999.md/ro/100446852,"28 iul. 2025, 12:15"
https://999.md/ro/100201670,"28 iul. 2025, 12:15"
https://999.md/ro/100138501,"28 iul. 2025, 12:15"
https://999.md/ro/100249036,"28 iul. 2025, 12:15"
https://999.md/ro/83669506,"28 iul. 2025, 12:15"
https://999.md/ro/101322270,"28 iul. 2025, 12:15"
https://999.md/ro/100105422,"28 iul. 2025, 12:15"
https://999.md/ro/101395767,"28 iul. 2025, 12:15"
https://999.md/ro/101611174,"28 iul. 2025, 12:15"
https://999.md/ro/101677551,"28 iul. 2025, 12:14"
https://999.md/ro/101719039,"28 iul. 2025, 12:14"
https://999.md/ro/100404754,"28 iul. 2025, 12:14"
https://999.md/ro/101527267,"28 iul. 2025, 12:14"
https://999.md/ro/101600526,"28 iul. 2025, 12:14"
https://999.md/ro/101719035,"28 iul. 2025, 12:13"
https://999.md/ro/89830049,"28 iul. 2025, 12:13"
https://999.md/ro/101036462,"28 iul. 2025, 12:13"
https://999.md/ro/100432576,"28 iul. 2025, 12:13"
https://999.md/ro/101069586,"28 iul. 2025, 12:13"
https://999.md/ro/101068439,"28 iul. 2025, 12:13"
https://999.md/ro/87002971,"28 iul. 2025, 12:13"
https://999.md/ro/101698027,"28 iul. 2025, 12:13"
https://999.md/ro/101718813,"28 iul. 2025, 12:13"
https://999.md/ro/101709946,"28 iul. 2025, 12:13"
https://999.md/ro/101684844,"28 iul. 2025, 12:12"
https://999.md/ro/101719020,"28 iul. 2025, 12:12"
https://999.md/ro/101190485,"28 iul. 2025, 12:12"
https://999.md/ro/100921367,"28 iul. 2025, 12:12"
https://999.md/ro/100893286,"28 iul. 2025, 12:12"
https://999.md/ro/101016526,"28 iul. 2025, 12:12"
https://999.md/ro/100531594,"28 iul. 2025, 12:12"
https://999.md/ro/101130644,"28 iul. 2025, 12:12"
https://999.md/ro/101068509,"28 iul. 2025, 12:12"
https://999.md/ro/101016502,"28 iul. 2025, 12:12"
https://999.md/ro/101546753,
https://999.md/ro/101150439,"28 iul. 2025, 12:12"
https://999.md/ro/100370630,"28 iul. 2025, 12:12"
https://999.md/ro/100944091,"28 iul. 2025, 12:12"
https://999.md/ro/101190403,"28 iul. 2025, 12:12"
https://999.md/ro/100822818,"28 iul. 2025, 12:12"
https://999.md/ro/100358486,"28 iul. 2025, 12:12"
https://999.md/ro/100810936,"28 iul. 2025, 12:12"
https://999.md/ro/100688480,"28 iul. 2025, 12:12"
https://999.md/ro/101351618,"28 iul. 2025, 12:12"
https://999.md/ro/101611809,"28 iul. 2025, 12:12"
https://999.md/ro/101527133,"28 iul. 2025, 12:12"
https://999.md/ro/101676464,"28 iul. 2025, 12:12"
https://999.md/ro/101621126,"28 iul. 2025, 12:12"
https://999.md/ro/101527107,"28 iul. 2025, 12:12"
https://999.md/ro/101501304,"28 iul. 2025, 12:12"
https://999.md/ro/101677743,"28 iul. 2025, 12:12"
https://999.md/ro/101397560,"28 iul. 2025, 12:12"
https://999.md/ro/101397502,"28 iul. 2025, 12:12"
https://999.md/ro/101539845,"28 iul. 2025, 12:12"
https://999.md/ro/101341756,"28 iul. 2025, 12:12"
https://999.md/ro/101629684,"28 iul. 2025, 12:12"
https://999.md/ro/101329593,"28 iul. 2025, 12:12"
https://999.md/ro/101329494,"28 iul. 2025, 12:12"
https://999.md/ro/101475230,"28 iul. 2025, 12:12"
https://999.md/ro/82525587,"28 iul. 2025, 12:12"
https://999.md/ro/101660054,"28 iul. 2025, 12:12"
https://999.md/ro/101717450,"28 iul. 2025, 12:12"
https://999.md/ro/84719841,"28 iul. 2025, 12:11"
https://999.md/ro/84717398,"28 iul. 2025, 12:11"
https://999.md/ro/100537691,"28 iul. 2025, 12:11"
https://999.md/ro/101566017,"28 iul. 2025, 12:11"
https://999.md/ro/101697738,"28 iul. 2025, 12:11"
https://999.md/ro/101391706,"28 iul. 2025, 12:11"
https://999.md/ro/101689650,"28 iul. 2025, 12:11"
https://999.md/ro/89427889,"28 iul. 2025, 12:10"
https://999.md/ro/89781611,"28 iul. 2025, 12:10"
https://999.md/ro/89282599,"28 iul. 2025, 12:10"
https://999.md/ro/89282608,"28 iul. 2025, 12:10"
https://999.md/ro/88675618,"28 iul. 2025, 12:10"
https://999.md/ro/89242554,"28 iul. 2025, 12:10"
https://999.md/ro/89282593,"28 iul. 2025, 12:10"
https://999.md/ro/89789188,"28 iul. 2025, 12:10"
https://999.md/ro/88031944,"28 iul. 2025, 12:10"
https://999.md/ro/100422213,"28 iul. 2025, 12:10"
https://999.md/ro/100764689,"28 iul. 2025, 12:10"
https://999.md/ro/100547694,"28 iul. 2025, 12:10"
https://999.md/ro/100537759,"28 iul. 2025, 12:10"
https://999.md/ro/100988316,"28 iul. 2025, 12:10"
https://999.md/ro/101265038,"28 iul. 2025, 12:10"
https://999.md/ro/101211775,"28 iul. 2025, 12:10"
https://999.md/ro/89285355,"28 iul. 2025, 12:10"
https://999.md/ro/101036378,"28 iul. 2025, 12:10"
https://999.md/ro/101285798,"28 iul. 2025, 12:10"
https://999.md/ro/101139057,"28 iul. 2025, 12:10"
https://999.md/ro/101191608,"28 iul. 2025, 12:10"
https://999.md/ro/101101818,"28 iul. 2025, 12:10"
https://999.md/ro/101140141,"28 iul. 2025, 12:10"
https://999.md/ro/100190899,"28 iul. 2025, 12:10"
https://999.md/ro/84809378,"28 iul. 2025, 12:10"
https://999.md/ro/101612924,"28 iul. 2025, 12:10"
https://999.md/ro/89627417,"28 iul. 2025, 12:10"
https://999.md/ro/101601281,"28 iul. 2025, 12:10"
https://999.md/ro/101689330,"28 iul. 2025, 12:10"
https://999.md/ro/89627421,"28 iul. 2025, 12:10"
https://999.md/ro/89627425,"28 iul. 2025, 12:10"
https://999.md/ro/101610215,"28 iul. 2025, 12:10"
https://999.md/ro/101679552,"28 iul. 2025, 12:10"
https://999.md/ro/101531497,"28 iul. 2025, 12:10"
https://999.md/ro/101392892,"28 iul. 2025, 12:10"
https://999.md/ro/101550262,"28 iul. 2025, 12:10"
https://999.md/ro/101537524,"28 iul. 2025, 12:10"
https://999.md/ro/101694820,"28 iul. 2025, 12:10"
https://999.md/ro/101697046,"28 iul. 2025, 12:10"
https://999.md/ro/84716154,"28 iul. 2025, 12:09"
https://999.md/ro/100684710,"28 iul. 2025, 12:09"
https://999.md/ro/101629764,"28 iul. 2025, 12:09"
https://999.md/ro/100822864,"28 iul. 2025, 12:09"
https://999.md/ro/101611130,"28 iul. 2025, 12:08"
https://999.md/ro/101353943,"28 iul. 2025, 12:08"
https://999.md/ro/100804757,"28 iul. 2025, 12:08"
https://999.md/ro/100750717,"28 iul. 2025, 12:08"
https://999.md/ro/100115046,"28 iul. 2025, 12:08"
https://999.md/ro/100751888,"28 iul. 2025, 12:08"
https://999.md/ro/101718960,"28 iul. 2025, 12:07"
https://999.md/ro/100676568,"28 iul. 2025, 12:07"
https://999.md/ro/100894630,"28 iul. 2025, 12:07"
https://999.md/ro/100739140,"28 iul. 2025, 12:07"
https://999.md/ro/84699974,"28 iul. 2025, 12:06"
https://999.md/ro/84700527,"28 iul. 2025, 12:06"
https://999.md/ro/101536473,"28 iul. 2025, 12:06"
https://999.md/ro/101233269,"28 iul. 2025, 12:06"
https://999.md/ro/100761030,"28 iul. 2025, 12:06"
https://999.md/ro/101546918,"28 iul. 2025, 12:06"
https://999.md/ro/101604790,"28 iul. 2025, 12:06"
https://999.md/ro/101204051,"28 iul. 2025, 12:06"
https://999.md/ro/101565899,"28 iul. 2025, 12:06"
https://999.md/ro/101466128,"28 iul. 2025, 12:06"
https://999.md/ro/101718944,"28 iul. 2025, 12:05"
https://999.md/ro/101482566,"28 iul. 2025, 12:05"
https://999.md/ro/100710505,"28 iul. 2025, 12:05"
https://999.md/ro/88101560,"28 iul. 2025, 12:05"
https://999.md/ro/89327222,"28 iul. 2025, 12:05"
https://999.md/ro/100138092,"28 iul. 2025, 12:05"
https://999.md/ro/100104650,"28 iul. 2025, 12:05"
https://999.md/ro/74319407,"28 iul. 2025, 12:05"
https://999.md/ro/101148052,"28 iul. 2025, 12:05"
https://999.md/ro/101227925,"28 iul. 2025, 12:05"
https://999.md/ro/100587826,"28 iul. 2025, 12:05"
https://999.md/ro/101319689,"28 iul. 2025, 12:05"
https://999.md/ro/101408232,"28 iul. 2025, 12:05"
https://999.md/ro/101022981,"28 iul. 2025, 12:05"
https://999.md/ro/101321947,"28 iul. 2025, 12:05"
https://999.md/ro/101594283,"28 iul. 2025, 12:05"
https://999.md/ro/89618131,"28 iul. 2025, 12:05"
https://999.md/ro/89618128,"28 iul. 2025, 12:05"
https://999.md/ro/101600371,"28 iul. 2025, 12:05"
https://999.md/ro/101621535,"28 iul. 2025, 12:05"
https://999.md/ro/101557404,"28 iul. 2025, 12:05"
https://999.md/ro/101658040,"28 iul. 2025, 12:05"
https://999.md/ro/89618130,"28 iul. 2025, 12:05"
https://999.md/ro/101658809,"28 iul. 2025, 12:05"
https://999.md/ro/101658561,"28 iul. 2025, 12:05"
https://999.md/ro/101562403,"28 iul. 2025, 12:05"
https://999.md/ro/101686685,"28 iul. 2025, 12:05"
https://999.md/ro/101683870,"28 iul. 2025, 12:05"
https://999.md/ro/101409053,"28 iul. 2025, 12:05"
https://999.md/ro/101564430,"28 iul. 2025, 12:05"
https://999.md/ro/100944980,"28 iul. 2025, 12:05"
https://999.md/ro/101473985,"28 iul. 2025, 12:05"
https://999.md/ro/101672117,"28 iul. 2025, 12:05"
https://999.md/ro/101247609,"28 iul. 2025, 12:05"
https://999.md/ro/101078163,"28 iul. 2025, 12:04"
https://999.md/ro/101340799,"28 iul. 2025, 12:03"
https://999.md/ro/100982979,"28 iul. 2025, 12:03"
https://999.md/ro/101718924,"28 iul. 2025, 12:03"
https://999.md/ro/100577629,"28 iul. 2025, 12:03"
https://999.md/ro/101541897,"28 iul. 2025, 12:03"
https://999.md/ro/101614130,"28 iul. 2025, 12:03"
https://999.md/ro/101557840,"28 iul. 2025, 12:03"
https://999.md/ro/101430047,"28 iul. 2025, 12:02"
https://999.md/ro/89356079,"28 iul. 2025, 12:02"
https://999.md/ro/100621813,"28 iul. 2025, 12:02"
https://999.md/ro/100347557,"28 iul. 2025, 12:02"
https://999.md/ro/100619290,"28 iul. 2025, 12:02"
https://999.md/ro/101263722,"28 iul. 2025, 12:02"
https://999.md/ro/101228793,"28 iul. 2025, 12:01"
https://999.md/ro/101610893,"28 iul. 2025, 12:01"
https://999.md/ro/100607035,"28 iul. 2025, 12:01"
https://999.md/ro/101540015,"28 iul. 2025, 12:00"
https://999.md/ro/101688620,"28 iul. 2025, 12:00"
https://999.md/ro/101689998,"28 iul. 2025, 12:00"
https://999.md/ro/101035073,"28 iul. 2025, 12:00"
https://999.md/ro/84289995,"28 iul. 2025, 12:00"
https://999.md/ro/101542168,"28 iul. 2025, 12:00"
https://999.md/ro/101308601,"28 iul. 2025, 12:00"
https://999.md/ro/101294747,"28 iul. 2025, 12:00"
https://999.md/ro/101606034,"28 iul. 2025, 12:00"
https://999.md/ro/101405318,"28 iul. 2025, 12:00"
https://999.md/ro/101320195,"28 iul. 2025, 12:00"
https://999.md/ro/101353433,"28 iul. 2025, 12:00"
https://999.md/ro/101160473,"28 iul. 2025, 12:00"
https://999.md/ro/100936448,"28 iul. 2025, 12:00"
https://999.md/ro/89764500,"28 iul. 2025, 12:00"
https://999.md/ro/83128786,"28 iul. 2025, 12:00"
https://999.md/ro/101679098,
https://999.md/ro/100823138,"28 iul. 2025, 12:00"
https://999.md/ro/100808655,"28 iul. 2025, 12:00"
https://999.md/ro/100097926,"28 iul. 2025, 12:00"
https://999.md/ro/100505855,"28 iul. 2025, 12:00"
https://999.md/ro/101709265,"28 iul. 2025, 12:00"
https://999.md/ro/101696958,"28 iul. 2025, 11:59"
https://999.md/ro/100981958,"28 iul. 2025, 11:59"
https://999.md/ro/100800306,"28 iul. 2025, 11:59"
https://999.md/ro/101230122,"28 iul. 2025, 11:59"
https://999.md/ro/101718872,"28 iul. 2025, 11:58"
https://999.md/ro/100932557,"28 iul. 2025, 11:58"
https://999.md/ro/101689845,"28 iul. 2025, 11:57"
https://999.md/ro/101718859,"28 iul. 2025, 11:57"
https://999.md/ro/101554250,"28 iul. 2025, 11:57"
https://999.md/ro/100350182,"28 iul. 2025, 11:57"
https://999.md/ro/100959428,"28 iul. 2025, 11:57"
https://999.md/ro/100229647,"28 iul. 2025, 11:57"
https://999.md/ro/101699258,"28 iul. 2025, 11:57"
https://999.md/ro/101220257,"28 iul. 2025, 11:57"
https://999.md/ro/101693682,"28 iul. 2025, 11:57"
https://999.md/ro/101606119,"28 iul. 2025, 11:56"
https://999.md/ro/101718841,"28 iul. 2025, 11:56"
https://999.md/ro/101718837,"28 iul. 2025, 11:56"
https://999.md/ro/100071493,"28 iul. 2025, 11:55"
https://999.md/ro/100459076,"28 iul. 2025, 11:55"
https://999.md/ro/88963799,"28 iul. 2025, 11:55"
https://999.md/ro/84141893,"28 iul. 2025, 11:55"
https://999.md/ro/100683322,"28 iul. 2025, 11:55"
https://999.md/ro/100548647,"28 iul. 2025, 11:55"
https://999.md/ro/100501310,"28 iul. 2025, 11:55"
https://999.md/ro/89791753,"28 iul. 2025, 11:55"
https://999.md/ro/101502729,"28 iul. 2025, 11:55"
https://999.md/ro/101493223,"28 iul. 2025, 11:55"
https://999.md/ro/100771368,"28 iul. 2025, 11:55"
https://999.md/ro/101702284,"28 iul. 2025, 11:54"
https://999.md/ro/101676348,
https://999.md/ro/101718816,"28 iul. 2025, 11:54"
https://999.md/ro/101674443,"28 iul. 2025, 11:54"
https://999.md/ro/101548035,"28 iul. 2025, 11:53"
https://999.md/ro/101272193,"28 iul. 2025, 11:52"
https://999.md/ro/101670459,"28 iul. 2025, 11:52"
https://999.md/ro/100987048,"28 iul. 2025, 11:52"
https://999.md/ro/101609883,"28 iul. 2025, 11:52"
https://999.md/ro/100742558,"28 iul. 2025, 11:52"
https://999.md/ro/101699346,"28 iul. 2025, 11:52"
https://999.md/ro/101718723,"28 iul. 2025, 11:52"
https://999.md/ro/101706558,"28 iul. 2025, 11:52"
https://999.md/ro/101620729,"28 iul. 2025, 11:51"
https://999.md/ro/101425283,"28 iul. 2025, 11:51"
https://999.md/ro/101718759,"28 iul. 2025, 11:51"
https://999.md/ro/101718755,"28 iul. 2025, 11:50"
https://999.md/ro/89205286,"28 iul. 2025, 11:50"
https://999.md/ro/100770977,"28 iul. 2025, 11:50"
https://999.md/ro/101012670,"28 iul. 2025, 11:50"
https://999.md/ro/101279062,"28 iul. 2025, 11:50"
https://999.md/ro/100261411,"28 iul. 2025, 11:50"
https://999.md/ro/101109746,"28 iul. 2025, 11:50"
https://999.md/ro/100503295,"28 iul. 2025, 11:50"
https://999.md/ro/101405488,"28 iul. 2025, 11:50"
https://999.md/ro/101629096,"28 iul. 2025, 11:50"
https://999.md/ro/101718744,"28 iul. 2025, 11:49"
https://999.md/ro/100903493,"28 iul. 2025, 11:49"
https://999.md/ro/101656326,"28 iul. 2025, 11:49"
https://999.md/ro/101704031,"28 iul. 2025, 11:49"
https://999.md/ro/100815631,"28 iul. 2025, 11:49"
https://999.md/ro/101718726,"28 iul. 2025, 11:48"
https://999.md/ro/100180728,"28 iul. 2025, 11:48"
https://999.md/ro/101129788,"28 iul. 2025, 11:48"
https://999.md/ro/101011416,"28 iul. 2025, 11:48"
https://999.md/ro/101264331,"28 iul. 2025, 11:48"
https://999.md/ro/100688729,"28 iul. 2025, 11:48"
https://999.md/ro/89171926,"28 iul. 2025, 11:47"
https://999.md/ro/101718710,"28 iul. 2025, 11:47"
https://999.md/ro/100442986,"28 iul. 2025, 11:47"
https://999.md/ro/101693132,"28 iul. 2025, 11:47"
https://999.md/ro/100967191,"28 iul. 2025, 11:47"
https://999.md/ro/101675372,"28 iul. 2025, 11:47"
https://999.md/ro/100988943,"28 iul. 2025, 11:47"
https://999.md/ro/101359346,"28 iul. 2025, 11:47"
https://999.md/ro/88941591,"28 iul. 2025, 11:46"
https://999.md/ro/101537139,"28 iul. 2025, 11:45"
https://999.md/ro/101558427,"28 iul. 2025, 11:45"
https://999.md/ro/100696616,"28 iul. 2025, 11:45"
https://999.md/ro/101718678,"28 iul. 2025, 11:45"
https://999.md/ro/100051198,"28 iul. 2025, 11:45"
https://999.md/ro/100165751,"28 iul. 2025, 11:45"
https://999.md/ro/100126587,"28 iul. 2025, 11:45"
https://999.md/ro/100126919,"28 iul. 2025, 11:45"
https://999.md/ro/100429674,"28 iul. 2025, 11:45"
https://999.md/ro/100113062,"28 iul. 2025, 11:45"
https://999.md/ro/89324823,"28 iul. 2025, 11:45"
https://999.md/ro/101081485,"28 iul. 2025, 11:45"
https://999.md/ro/101079269,"28 iul. 2025, 11:45"
https://999.md/ro/101101906,"28 iul. 2025, 11:45"
https://999.md/ro/100770215,"28 iul. 2025, 11:45"
https://999.md/ro/100923698,"28 iul. 2025, 11:45"
https://999.md/ro/86023972,"28 iul. 2025, 11:45"
https://999.md/ro/101404478,"28 iul. 2025, 11:45"
https://999.md/ro/101363094,"28 iul. 2025, 11:45"
https://999.md/ro/101060512,"28 iul. 2025, 11:45"
https://999.md/ro/100525456,"28 iul. 2025, 11:45"
https://999.md/ro/101131927,
https://999.md/ro/101330231,"28 iul. 2025, 11:45"
https://999.md/ro/101494519,"28 iul. 2025, 11:45"
https://999.md/ro/101695307,"28 iul. 2025, 11:45"
https://999.md/ro/101685593,"28 iul. 2025, 11:45"
https://999.md/ro/101502948,"28 iul. 2025, 11:45"
https://999.md/ro/101592563,"28 iul. 2025, 11:45"
https://999.md/ro/101717675,"28 iul. 2025, 11:45"
https://999.md/ro/101008505,"28 iul. 2025, 11:44"
https://999.md/ro/101061630,"28 iul. 2025, 11:44"
https://999.md/ro/101469862,"28 iul. 2025, 11:43"
https://999.md/ro/101465751,"28 iul. 2025, 11:43"
https://999.md/ro/101465681,"28 iul. 2025, 11:43"
https://999.md/ro/101170542,"28 iul. 2025, 11:42"
https://999.md/ro/101482795,"28 iul. 2025, 11:42"
https://999.md/ro/101248914,"28 iul. 2025, 11:42"
https://999.md/ro/88081626,"28 iul. 2025, 11:42"
https://999.md/ro/86528783,"28 iul. 2025, 11:42"
https://999.md/ro/101656972,"28 iul. 2025, 11:42"
https://999.md/ro/100899430,"28 iul. 2025, 11:41"
https://999.md/ro/101718633,"28 iul. 2025, 11:41"
https://999.md/ro/101718628,"28 iul. 2025, 11:41"
https://999.md/ro/83670063,"28 iul. 2025, 11:41"
https://999.md/ro/101129855,"28 iul. 2025, 11:41"
https://999.md/ro/101658333,"28 iul. 2025, 11:41"
https://999.md/ro/101332645,"28 iul. 2025, 11:41"
https://999.md/ro/71043007,"28 iul. 2025, 11:41"
https://999.md/ro/100446621,"28 iul. 2025, 11:40"
https://999.md/ro/100370311,"28 iul. 2025, 11:40"
https://999.md/ro/89441567,"28 iul. 2025, 11:40"
https://999.md/ro/89172297,"28 iul. 2025, 11:40"
https://999.md/ro/89592957,"28 iul. 2025, 11:40"
https://999.md/ro/89293539,"28 iul. 2025, 11:40"
https://999.md/ro/89274292,"28 iul. 2025, 11:40"
https://999.md/ro/87846919,"28 iul. 2025, 11:40"
https://999.md/ro/100447042,"28 iul. 2025, 11:40"
https://999.md/ro/100529537,"28 iul. 2025, 10:59"
https://999.md/ro/100014245,"28 iul. 2025, 10:59"
https://999.md/ro/101504109,"28 iul. 2025, 10:59"
https://999.md/ro/101688067,"28 iul. 2025, 10:58"
https://999.md/ro/101110235,"28 iul. 2025, 10:58"
https://999.md/ro/101635629,"28 iul. 2025, 10:58"
https://999.md/ro/100921913,"28 iul. 2025, 10:58"
https://999.md/ro/101230597,"28 iul. 2025, 10:57"
https://999.md/ro/101539088,"28 iul. 2025, 10:57"
https://999.md/ro/101483587,"28 iul. 2025, 10:57"
https://999.md/ro/100941809,"28 iul. 2025, 10:57"
https://999.md/ro/101662312,"28 iul. 2025, 10:56"
https://999.md/ro/100435162,"28 iul. 2025, 10:56"
https://999.md/ro/100673536,"28 iul. 2025, 10:56"
https://999.md/ro/101548692,"28 iul. 2025, 10:56"
https://999.md/ro/101718066,"28 iul. 2025, 10:55"
https://999.md/ro/89395696,"28 iul. 2025, 10:55"
https://999.md/ro/100835135,"28 iul. 2025, 10:55"
https://999.md/ro/100295532,"28 iul. 2025, 10:55"
https://999.md/ro/101654849,"28 iul. 2025, 10:55"
https://999.md/ro/101630908,"28 iul. 2025, 10:55"
https://999.md/ro/101504292,"28 iul. 2025, 10:54"
https://999.md/ro/101718041,"28 iul. 2025, 10:53"
https://999.md/ro/101607023,"28 iul. 2025, 10:53"
https://999.md/ro/88990675,"28 iul. 2025, 10:53"
https://999.md/ro/101702834,"28 iul. 2025, 10:53"
https://999.md/ro/101685361,"28 iul. 2025, 10:53"
https://999.md/ro/101664792,"28 iul. 2025, 10:53"
https://999.md/ro/101620270,"28 iul. 2025, 10:53"
https://999.md/ro/101601465,"28 iul. 2025, 10:53"
https://999.md/ro/101342989,"28 iul. 2025, 10:53"
https://999.md/ro/101254980,"28 iul. 2025, 10:53"
https://999.md/ro/101394840,"28 iul. 2025, 10:53"
https://999.md/ro/101224184,"28 iul. 2025, 10:53"
https://999.md/ro/101204339,"28 iul. 2025, 10:53"
https://999.md/ro/100471068,"28 iul. 2025, 10:53"
https://999.md/ro/101128098,"28 iul. 2025, 10:52"
https://999.md/ro/101297454,"28 iul. 2025, 10:52"
https://999.md/ro/101084887,"28 iul. 2025, 10:52"
https://999.md/ro/101485379,"28 iul. 2025, 10:52"
https://999.md/ro/101201082,"28 iul. 2025, 10:52"
https://999.md/ro/101284503,"28 iul. 2025, 10:52"
https://999.md/ro/101604929,
https://999.md/ro/101539063,"28 iul. 2025, 10:51"
https://999.md/ro/100936678,"28 iul. 2025, 10:51"
https://999.md/ro/101527429,"28 iul. 2025, 10:51"
https://999.md/ro/101702037,"28 iul. 2025, 10:50"
https://999.md/ro/100112631,"28 iul. 2025, 10:50"
https://999.md/ro/100049751,"28 iul. 2025, 10:50"
https://999.md/ro/100893480,"28 iul. 2025, 10:50"
https://999.md/ro/101229886,"28 iul. 2025, 10:50"
https://999.md/ro/101444715,"28 iul. 2025, 10:50"
https://999.md/ro/101677459,"28 iul. 2025, 10:50"
https://999.md/ro/101292707,"28 iul. 2025, 10:50"
https://999.md/ro/101462971,"28 iul. 2025, 10:50"
https://999.md/ro/101549955,"28 iul. 2025, 10:50"
https://999.md/ro/100573927,"28 iul. 2025, 10:50"
https://999.md/ro/101430859,"28 iul. 2025, 10:50"
https://999.md/ro/101444730,"28 iul. 2025, 10:50"
https://999.md/ro/101444722,"28 iul. 2025, 10:50"
https://999.md/ro/101556407,"28 iul. 2025, 10:50"
https://999.md/ro/101402464,"28 iul. 2025, 10:50"
https://999.md/ro/101633732,"28 iul. 2025, 10:49"
https://999.md/ro/101569854,"28 iul. 2025, 10:49"
https://999.md/ro/101342734,"28 iul. 2025, 10:49"
https://999.md/ro/101395013,"28 iul. 2025, 10:48"
https://999.md/ro/101478882,"28 iul. 2025, 10:48"
https://999.md/ro/101717969,"28 iul. 2025, 10:47"
https://999.md/ro/101422174,"28 iul. 2025, 10:47"
https://999.md/ro/101659986,"28 iul. 2025, 10:47"
https://999.md/ro/101551870,"28 iul. 2025, 10:47"
https://999.md/ro/101478041,"28 iul. 2025, 10:47"
https://999.md/ro/100919958,"28 iul. 2025, 10:47"
https://999.md/ro/100919956,"28 iul. 2025, 10:47"
https://999.md/ro/100919925,"28 iul. 2025, 10:47"
https://999.md/ro/100919917,"28 iul. 2025, 10:47"
https://999.md/ro/100919905,"28 iul. 2025, 10:47"
https://999.md/ro/100919889,"28 iul. 2025, 10:47"
https://999.md/ro/100871515,"28 iul. 2025, 10:47"
https://999.md/ro/101653843,"28 iul. 2025, 10:15"
https://999.md/ro/101439711,"28 iul. 2025, 10:15"
https://999.md/ro/101503085,"28 iul. 2025, 10:15"
https://999.md/ro/101503012,"28 iul. 2025, 10:15"
https://999.md/ro/101393266,"28 iul. 2025, 10:15"
https://999.md/ro/100770439,"28 iul. 2025, 10:15"
https://999.md/ro/101463777,"28 iul. 2025, 10:15"
https://999.md/ro/101504815,"28 iul. 2025, 10:15"
https://999.md/ro/88069466,"28 iul. 2025, 10:15"
https://999.md/ro/101494071,"28 iul. 2025, 10:15"
https://999.md/ro/101338638,"28 iul. 2025, 10:15"
https://999.md/ro/101405543,"28 iul. 2025, 10:15"
https://999.md/ro/101501103,"28 iul. 2025, 10:15"
https://999.md/ro/100596936,"28 iul. 2025, 10:15"
https://999.md/ro/100467000,"28 iul. 2025, 10:15"
https://999.md/ro/100576963,"28 iul. 2025, 10:15"
https://999.md/ro/100306323,"28 iul. 2025, 10:15"
https://999.md/ro/100465585,"28 iul. 2025, 10:15"
https://999.md/ro/100455915,"28 iul. 2025, 10:15"
https://999.md/ro/100418081,"28 iul. 2025, 10:15"
https://999.md/ro/100443291,"28 iul. 2025, 10:15"
https://999.md/ro/100467350,"28 iul. 2025, 10:15"
https://999.md/ro/100375260,"28 iul. 2025, 10:15"
https://999.md/ro/88912639,"28 iul. 2025, 10:15"
https://999.md/ro/89042187,"28 iul. 2025, 10:15"
https://999.md/ro/88760441,"28 iul. 2025, 10:15"
https://999.md/ro/88885384,"28 iul. 2025, 10:15"
https://999.md/ro/89054883,"28 iul. 2025, 10:15"
https://999.md/ro/89042479,"28 iul. 2025, 10:15"
https://999.md/ro/88940832,"28 iul. 2025, 10:15"
https://999.md/ro/89854149,"28 iul. 2025, 10:15"
https://999.md/ro/101393552,
https://999.md/ro/88101056,"28 iul. 2025, 10:15"
https://999.md/ro/100998821,"28 iul. 2025, 10:15"
https://999.md/ro/101033657,"28 iul. 2025, 10:15"
https://999.md/ro/101001383,"28 iul. 2025, 10:15"
https://999.md/ro/100921109,"28 iul. 2025, 10:15"
https://999.md/ro/88731347,"28 iul. 2025, 10:15"
https://999.md/ro/100947475,"28 iul. 2025, 10:15"
https://999.md/ro/101025062,"28 iul. 2025, 10:15"
https://999.md/ro/100956880,"28 iul. 2025, 10:15"
https://999.md/ro/100288710,"28 iul. 2025, 10:15"
https://999.md/ro/101014522,"28 iul. 2025, 10:15"
https://999.md/ro/101035630,"28 iul. 2025, 10:15"
https://999.md/ro/101176087,"28 iul. 2025, 10:15"
https://999.md/ro/101677563,
https://999.md/ro/101610425,"28 iul. 2025, 10:15"
https://999.md/ro/101591454,"28 iul. 2025, 10:15"
https://999.md/ro/101559068,"28 iul. 2025, 10:15"
https://999.md/ro/101557944,"28 iul. 2025, 10:15"
https://999.md/ro/101593667,"28 iul. 2025, 10:15"
https://999.md/ro/101427642,"28 iul. 2025, 10:15"
https://999.md/ro/88472977,"28 iul. 2025, 10:15"
https://999.md/ro/101595110,"28 iul. 2025, 10:15"
https://999.md/ro/88608503,"28 iul. 2025, 10:15"
https://999.md/ro/101611322,"28 iul. 2025, 10:15"
https://999.md/ro/101462157,
https://999.md/ro/100764394,"28 iul. 2025, 10:15"
https://999.md/ro/87785951,"28 iul. 2025, 10:15"
https://999.md/ro/100742308,"28 iul. 2025, 10:15"
https://999.md/ro/87622658,"28 iul. 2025, 10:15"
https://999.md/ro/83669286,"28 iul. 2025, 10:15"
https://999.md/ro/100834118,"28 iul. 2025, 10:15"
https://999.md/ro/87514453,"28 iul. 2025, 10:15"
https://999.md/ro/101221834,"28 iul. 2025, 10:15"
https://999.md/ro/101286885,"28 iul. 2025, 10:15"
https://999.md/ro/101229256,"28 iul. 2025, 10:15"
https://999.md/ro/101148291,"28 iul. 2025, 10:15"
https://999.md/ro/101286699,"28 iul. 2025, 10:15"
https://999.md/ro/100881782,"28 iul. 2025, 10:15"
https://999.md/ro/89409556,"28 iul. 2025, 10:14"
https://999.md/ro/101565996,"28 iul. 2025, 10:14"
https://999.md/ro/101416400,"28 iul. 2025, 10:14"
https://999.md/ro/101326552,"28 iul. 2025, 10:13"
https://999.md/ro/101717557,"28 iul. 2025, 10:13"
https://999.md/ro/101568442,"28 iul. 2025, 10:13"
https://999.md/ro/100266562,"28 iul. 2025, 10:13"
https://999.md/ro/100620251,"28 iul. 2025, 10:13"
https://999.md/ro/85090811,"28 iul. 2025, 10:12"
https://999.md/ro/83563885,"28 iul. 2025, 10:12"
https://999.md/ro/100779623,"28 iul. 2025, 09:15"
https://999.md/ro/100836001,"28 iul. 2025, 09:15"
https://999.md/ro/100750117,"28 iul. 2025, 09:15"
https://999.md/ro/100708352,"28 iul. 2025, 09:15"
https://999.md/ro/100763938,"28 iul. 2025, 09:15"
https://999.md/ro/100543622,"28 iul. 2025, 09:15"
https://999.md/ro/100605760,"28 iul. 2025, 09:15"
https://999.md/ro/100760918,"28 iul. 2025, 09:15"
https://999.md/ro/100588999,"28 iul. 2025, 09:15"
https://999.md/ro/77597481,"28 iul. 2025, 09:15"
https://999.md/ro/101626692,
https://999.md/ro/100660554,"28 iul. 2025, 09:15"
https://999.md/ro/101067013,"28 iul. 2025, 09:15"
https://999.md/ro/100908244,"28 iul. 2025, 09:15"
https://999.md/ro/100926939,"28 iul. 2025, 09:15"
https://999.md/ro/101115493,"28 iul. 2025, 09:15"
https://999.md/ro/100775432,"28 iul. 2025, 09:15"
https://999.md/ro/100937032,"28 iul. 2025, 09:15"
https://999.md/ro/100206260,"28 iul. 2025, 09:15"
https://999.md/ro/100265226,"28 iul. 2025, 09:15"
https://999.md/ro/101233952,"28 iul. 2025, 09:15"
https://999.md/ro/101293407,"28 iul. 2025, 09:15"
https://999.md/ro/100357332,"28 iul. 2025, 09:15"
https://999.md/ro/101230542,"28 iul. 2025, 09:15"
https://999.md/ro/101022198,"28 iul. 2025, 09:15"
https://999.md/ro/101118617,"28 iul. 2025, 09:15"
https://999.md/ro/101613799,"28 iul. 2025, 09:15"
https://999.md/ro/101624844,"28 iul. 2025, 09:15"
https://999.md/ro/101629209,"28 iul. 2025, 09:15"
https://999.md/ro/101658977,"28 iul. 2025, 09:15"
https://999.md/ro/101620130,"28 iul. 2025, 09:15"
https://999.md/ro/101504459,"28 iul. 2025, 09:15"
https://999.md/ro/101674453,
https://999.md/ro/101501245,"28 iul. 2025, 09:15"
https://999.md/ro/100844073,"28 iul. 2025, 09:15"
https://999.md/ro/101556300,"28 iul. 2025, 09:15"
https://999.md/ro/101495796,"28 iul. 2025, 09:15"
https://999.md/ro/101443970,"28 iul. 2025, 09:15"
https://999.md/ro/101715895,"28 iul. 2025, 09:15"
https://999.md/ro/100949101,"28 iul. 2025, 09:14"
https://999.md/ro/101716905,"28 iul. 2025, 09:13"
https://999.md/ro/100929879,"28 iul. 2025, 09:13"
https://999.md/ro/101478177,"28 iul. 2025, 09:12"
https://999.md/ro/100618147,"28 iul. 2025, 09:12"
https://999.md/ro/101641986,"28 iul. 2025, 09:12"
https://999.md/ro/101716888,"28 iul. 2025, 09:11"
https://999.md/ro/101436055,"28 iul. 2025, 09:11"
https://999.md/ro/100948534,"28 iul. 2025, 09:11"
https://999.md/ro/101150472,"28 iul. 2025, 09:10"
https://999.md/ro/100531126,"28 iul. 2025, 09:10"
https://999.md/ro/100040516,"28 iul. 2025, 09:10"
https://999.md/ro/100543376,"28 iul. 2025, 09:10"
https://999.md/ro/100608264,"28 iul. 2025, 09:10"
https://999.md/ro/100620173,"28 iul. 2025, 09:10"
https://999.md/ro/100707273,"28 iul. 2025, 09:10"
https://999.md/ro/100662821,"28 iul. 2025, 09:10"
https://999.md/ro/100708212,"28 iul. 2025, 09:10"
https://999.md/ro/100611957,"28 iul. 2025, 09:10"
https://999.md/ro/100729636,"28 iul. 2025, 09:10"
https://999.md/ro/100648904,"28 iul. 2025, 09:10"
https://999.md/ro/100608253,"28 iul. 2025, 09:10"
https://999.md/ro/100648746,"28 iul. 2025, 09:10"
https://999.md/ro/100611913,"28 iul. 2025, 09:10"
https://999.md/ro/89286992,"28 iul. 2025, 09:10"
https://999.md/ro/89286987,"28 iul. 2025, 09:10"
https://999.md/ro/89286990,"28 iul. 2025, 09:10"
https://999.md/ro/84222030,"28 iul. 2025, 09:10"
https://999.md/ro/101220127,"28 iul. 2025, 09:10"
https://999.md/ro/101343424,"28 iul. 2025, 09:10"
https://999.md/ro/101096563,"28 iul. 2025, 09:10"
https://999.md/ro/100180870,"28 iul. 2025, 09:10"
https://999.md/ro/101651991,"28 iul. 2025, 09:10"
https://999.md/ro/100664574,"28 iul. 2025, 09:10"
https://999.md/ro/101557028,"28 iul. 2025, 09:10"
https://999.md/ro/101650381,"28 iul. 2025, 09:09"
https://999.md/ro/101602769,"28 iul. 2025, 09:09"
https://999.md/ro/101594415,"28 iul. 2025, 09:09"
https://999.md/ro/101404951,"28 iul. 2025, 09:09"
https://999.md/ro/101191901,"28 iul. 2025, 09:09"
https://999.md/ro/100955518,"28 iul. 2025, 09:09"
https://999.md/ro/100054178,"27 iul. 2025, 20:10"
https://999.md/ro/100306740,"27 iul. 2025, 20:10"
https://999.md/ro/86176177,"27 iul. 2025, 20:10"
https://999.md/ro/89638385,"27 iul. 2025, 20:10"
https://999.md/ro/85155935,"27 iul. 2025, 20:10"
https://999.md/ro/101277060,"27 iul. 2025, 20:10"
https://999.md/ro/101101141,"27 iul. 2025, 20:10"
https://999.md/ro/101496705,"27 iul. 2025, 20:07"
https://999.md/ro/100459539,"27 iul. 2025, 20:05"
https://999.md/ro/101099400,"27 iul. 2025, 20:05"
https://999.md/ro/101501490,"27 iul. 2025, 20:05"
https://999.md/ro/101328928,"27 iul. 2025, 20:05"
https://999.md/ro/101202034,"27 iul. 2025, 20:05"
https://999.md/ro/101473215,"27 iul. 2025, 20:05"
https://999.md/ro/101603637,"27 iul. 2025, 20:03"
https://999.md/ro/101148284,"27 iul. 2025, 20:03"
https://999.md/ro/100926863,"27 iul. 2025, 20:03"
https://999.md/ro/100356225,"27 iul. 2025, 20:01"
https://999.md/ro/101689908,"27 iul. 2025, 20:00"
https://999.md/ro/101306194,"27 iul. 2025, 20:00"
https://999.md/ro/101318873,"27 iul. 2025, 20:00"
https://999.md/ro/100950163,"27 iul. 2025, 20:00"
https://999.md/ro/80617542,"27 iul. 2025, 20:00"
https://999.md/ro/101662965,"27 iul. 2025, 20:00"
https://999.md/ro/101305901,"27 iul. 2025, 20:00"
https://999.md/ro/101684310,"27 iul. 2025, 20:00"
https://999.md/ro/101659646,"27 iul. 2025, 20:00"
https://999.md/ro/101658241,"27 iul. 2025, 20:00"
https://999.md/ro/101695378,"27 iul. 2025, 20:00"
https://999.md/ro/101684995,"27 iul. 2025, 20:00"
https://999.md/ro/89134574,"27 iul. 2025, 20:00"
https://999.md/ro/101675379,"27 iul. 2025, 20:00"
https://999.md/ro/101592705,"27 iul. 2025, 20:00"
https://999.md/ro/101592881,"27 iul. 2025, 20:00"
https://999.md/ro/101615808,"27 iul. 2025, 20:00"
https://999.md/ro/101522935,"27 iul. 2025, 20:00"
https://999.md/ro/101565253,"27 iul. 2025, 20:00"
https://999.md/ro/101567123,"27 iul. 2025, 20:00"
https://999.md/ro/101565397,"27 iul. 2025, 20:00"
https://999.md/ro/101244387,"27 iul. 2025, 20:00"
https://999.md/ro/101284632,"27 iul. 2025, 20:00"
https://999.md/ro/101619600,"27 iul. 2025, 20:00"
https://999.md/ro/101502704,"27 iul. 2025, 20:00"
https://999.md/ro/101537479,"27 iul. 2025, 20:00"
https://999.md/ro/101546506,"27 iul. 2025, 20:00"
https://999.md/ro/101548611,"27 iul. 2025, 20:00"
https://999.md/ro/101548330,"27 iul. 2025, 20:00"
https://999.md/ro/101549841,"27 iul. 2025, 20:00"
https://999.md/ro/101558275,"27 iul. 2025, 20:00"
https://999.md/ro/101492797,"27 iul. 2025, 20:00"
https://999.md/ro/101492858,"27 iul. 2025, 20:00"
https://999.md/ro/101492490,"27 iul. 2025, 20:00"
https://999.md/ro/101419450,"27 iul. 2025, 20:00"
https://999.md/ro/101419481,"27 iul. 2025, 20:00"
https://999.md/ro/101419851,"27 iul. 2025, 20:00"
https://999.md/ro/101419617,"27 iul. 2025, 20:00"
https://999.md/ro/101418329,"27 iul. 2025, 20:00"
https://999.md/ro/88738796,"27 iul. 2025, 20:00"
https://999.md/ro/101426662,"27 iul. 2025, 20:00"
https://999.md/ro/101461679,"27 iul. 2025, 20:00"
https://999.md/ro/101461938,"27 iul. 2025, 20:00"
https://999.md/ro/101462540,"27 iul. 2025, 20:00"
https://999.md/ro/101434915,"27 iul. 2025, 20:00"
https://999.md/ro/101435486,"27 iul. 2025, 20:00"
https://999.md/ro/101436780,"27 iul. 2025, 20:00"
https://999.md/ro/87885236,"27 iul. 2025, 20:00"
https://999.md/ro/101422202,"27 iul. 2025, 20:00"
https://999.md/ro/101423070,"27 iul. 2025, 20:00"
https://999.md/ro/101463541,"27 iul. 2025, 20:00"
https://999.md/ro/101404465,"27 iul. 2025, 20:00"
https://999.md/ro/101405525,"27 iul. 2025, 20:00"
https://999.md/ro/101100548,"27 iul. 2025, 20:00"
https://999.md/ro/101466726,"27 iul. 2025, 20:00"
https://999.md/ro/100897555,"27 iul. 2025, 20:00"
https://999.md/ro/101416006,"27 iul. 2025, 20:00"
https://999.md/ro/101414546,"27 iul. 2025, 20:00"
https://999.md/ro/101461323,"27 iul. 2025, 20:00"
https://999.md/ro/101287135,"27 iul. 2025, 20:00"
https://999.md/ro/101230852,"27 iul. 2025, 13:25"
https://999.md/ro/101026275,"27 iul. 2025, 13:25"
https://999.md/ro/100432121,"27 iul. 2025, 13:25"
https://999.md/ro/100443302,"27 iul. 2025, 13:25"
https://999.md/ro/100520743,"27 iul. 2025, 13:25"
https://999.md/ro/89498931,"27 iul. 2025, 13:25"
https://999.md/ro/89714689,"27 iul. 2025, 13:25"
https://999.md/ro/86089870,"27 iul. 2025, 13:25"
https://999.md/ro/101612465,"27 iul. 2025, 13:25"
https://999.md/ro/101660634,
https://999.md/ro/100363392,"27 iul. 2025, 13:25"
https://999.md/ro/101655080,"27 iul. 2025, 13:22"
https://999.md/ro/101496587,"27 iul. 2025, 13:20"
https://999.md/ro/101211852,"27 iul. 2025, 13:20"
https://999.md/ro/101596774,"27 iul. 2025, 13:20"
https://999.md/ro/101341205,"27 iul. 2025, 13:20"
https://999.md/ro/100976267,"27 iul. 2025, 13:19"
https://999.md/ro/101549399,"27 iul. 2025, 13:16"
https://999.md/ro/101297752,"27 iul. 2025, 13:16"
https://999.md/ro/101704982,"27 iul. 2025, 13:15"
https://999.md/ro/101703282,"27 iul. 2025, 13:14"
https://999.md/ro/100531406,"27 iul. 2025, 13:14"
https://999.md/ro/100576792,"27 iul. 2025, 13:14"
https://999.md/ro/101648231,"27 iul. 2025, 13:12"
https://999.md/ro/66989954,"27 iul. 2025, 13:11"
https://999.md/ro/88680529,"27 iul. 2025, 13:10"
https://999.md/ro/89409091,"27 iul. 2025, 13:10"
https://999.md/ro/89409092,"27 iul. 2025, 13:10"
https://999.md/ro/89409089,"27 iul. 2025, 13:10"
https://999.md/ro/101104072,"27 iul. 2025, 13:10"
https://999.md/ro/101541742,"27 iul. 2025, 13:10"
https://999.md/ro/100708243,"27 iul. 2025, 13:10"
https://999.md/ro/101161251,"27 iul. 2025, 13:05"
https://999.md/ro/101258326,"27 iul. 2025, 13:05"
https://999.md/ro/100945188,"27 iul. 2025, 13:05"
https://999.md/ro/101594129,"27 iul. 2025, 13:05"
https://999.md/ro/101505939,"27 iul. 2025, 13:04"
https://999.md/ro/100674984,"27 iul. 2025, 13:04"
https://999.md/ro/101711093,"27 iul. 2025, 13:00"
https://999.md/ro/101604972,"27 iul. 2025, 13:00"
https://999.md/ro/101293317,"27 iul. 2025, 12:53"
https://999.md/ro/101703460,"27 iul. 2025, 12:51"
https://999.md/ro/101445739,"27 iul. 2025, 12:47"
https://999.md/ro/101445690,"27 iul. 2025, 12:47"
https://999.md/ro/101438922,"27 iul. 2025, 12:47"
https://999.md/ro/101710962,"27 iul. 2025, 12:47"
https://999.md/ro/101445546,"27 iul. 2025, 12:46"
https://999.md/ro/101445376,"27 iul. 2025, 12:46"
https://999.md/ro/101445416,"27 iul. 2025, 12:46"
https://999.md/ro/101445324,"27 iul. 2025, 12:46"
https://999.md/ro/101444940,"27 iul. 2025, 12:45"
https://999.md/ro/101444444,"27 iul. 2025, 12:45"
https://999.md/ro/101229979,"27 iul. 2025, 12:45"
https://999.md/ro/85385276,"27 iul. 2025, 12:45"
https://999.md/ro/101284767,"27 iul. 2025, 12:43"
https://999.md/ro/101664893,"27 iul. 2025, 12:42"
https://999.md/ro/101664703,"27 iul. 2025, 12:42"
https://999.md/ro/101655194,"27 iul. 2025, 12:42"
https://999.md/ro/101632778,"27 iul. 2025, 12:42"
https://999.md/ro/101613213,"27 iul. 2025, 12:42"
https://999.md/ro/101604363,"27 iul. 2025, 12:42"
https://999.md/ro/101553563,"27 iul. 2025, 12:42"
https://999.md/ro/101515961,"27 iul. 2025, 12:42"
https://999.md/ro/101468259,"27 iul. 2025, 12:42"
https://999.md/ro/101327188,"27 iul. 2025, 12:42"
https://999.md/ro/101194033,"27 iul. 2025, 12:42"
https://999.md/ro/101095083,"27 iul. 2025, 12:42"
https://999.md/ro/100939682,"27 iul. 2025, 12:42"
https://999.md/ro/100713378,"27 iul. 2025, 12:42"
https://999.md/ro/101341973,"27 iul. 2025, 12:40"
https://999.md/ro/101710844,"27 iul. 2025, 12:38"
https://999.md/ro/101334601,"27 iul. 2025, 12:38"
https://999.md/ro/100948279,"27 iul. 2025, 12:38"
https://999.md/ro/101414327,"27 iul. 2025, 12:38"
https://999.md/ro/79234408,"27 iul. 2025, 12:37"
https://999.md/ro/89394329,"27 iul. 2025, 12:36"
https://999.md/ro/100984487,"27 iul. 2025, 12:36"
https://999.md/ro/100194119,"27 iul. 2025, 12:36"
https://999.md/ro/101710224,"27 iul. 2025, 11:34"
https://999.md/ro/101483393,"27 iul. 2025, 11:34"
https://999.md/ro/101710211,"27 iul. 2025, 11:33"
https://999.md/ro/87940098,"27 iul. 2025, 11:30"
https://999.md/ro/101710185,"27 iul. 2025, 11:29"
https://999.md/ro/101710165,"27 iul. 2025, 11:26"
https://999.md/ro/100359748,"27 iul. 2025, 11:25"
https://999.md/ro/101394283,"27 iul. 2025, 11:24"
https://999.md/ro/101620196,"27 iul. 2025, 11:23"
https://999.md/ro/100445118,"27 iul. 2025, 11:22"
https://999.md/ro/101581678,"27 iul. 2025, 11:21"
https://999.md/ro/101580273,"27 iul. 2025, 11:21"
https://999.md/ro/101547742,"27 iul. 2025, 11:21"
https://999.md/ro/100090648,"27 iul. 2025, 11:20"
https://999.md/ro/101287660,"27 iul. 2025, 11:16"
https://999.md/ro/89802725,"27 iul. 2025, 11:15"
https://999.md/ro/101034725,"27 iul. 2025, 11:15"
https://999.md/ro/101068339,"27 iul. 2025, 11:15"
https://999.md/ro/100771603,"27 iul. 2025, 11:15"
https://999.md/ro/100998230,"27 iul. 2025, 11:15"
https://999.md/ro/88212670,"27 iul. 2025, 11:15"
https://999.md/ro/100547266,"27 iul. 2025, 11:15"
https://999.md/ro/100544112,"27 iul. 2025, 11:13"
https://999.md/ro/101590094,"27 iul. 2025, 11:13"
https://999.md/ro/101693280,"27 iul. 2025, 11:12"
https://999.md/ro/101035584,"27 iul. 2025, 11:11"
https://999.md/ro/100230256,"27 iul. 2025, 11:11"
https://999.md/ro/100759698,"27 iul. 2025, 11:11"
https://999.md/ro/100935349,"27 iul. 2025, 11:11"
https://999.md/ro/100804328,"27 iul. 2025, 11:11"
https://999.md/ro/100825220,"27 iul. 2025, 11:11"
https://999.md/ro/101034620,"27 iul. 2025, 11:11"
https://999.md/ro/101631822,"27 iul. 2025, 11:11"
https://999.md/ro/80966801,
https://999.md/ro/101482756,"27 iul. 2025, 11:11"
https://999.md/ro/100936319,"27 iul. 2025, 11:10"
https://999.md/ro/100865675,"27 iul. 2025, 11:10"
https://999.md/ro/89409101,"27 iul. 2025, 11:10"
https://999.md/ro/89409109,"27 iul. 2025, 11:10"
https://999.md/ro/89409105,"27 iul. 2025, 11:10"
https://999.md/ro/101462845,"27 iul. 2025, 11:10"
https://999.md/ro/100299443,"27 iul. 2025, 11:05"
https://999.md/ro/100693907,"27 iul. 2025, 11:05"
https://999.md/ro/101016982,"27 iul. 2025, 11:05"
https://999.md/ro/101039267,"27 iul. 2025, 11:05"
https://999.md/ro/100886315,"27 iul. 2025, 11:05"
https://999.md/ro/100280764,"27 iul. 2025, 11:05"
https://999.md/ro/100380733,"27 iul. 2025, 11:05"
https://999.md/ro/100449213,"27 iul. 2025, 11:05"
https://999.md/ro/100589724,"27 iul. 2025, 11:05"
https://999.md/ro/101060053,"27 iul. 2025, 11:05"
https://999.md/ro/101411589,"27 iul. 2025, 11:05"
https://999.md/ro/101505643,"27 iul. 2025, 11:05"
https://999.md/ro/101552274,"27 iul. 2025, 11:05"
https://999.md/ro/101296548,"27 iul. 2025, 11:05"
https://999.md/ro/101616204,"27 iul. 2025, 11:05"
https://999.md/ro/101686407,"27 iul. 2025, 11:05"
https://999.md/ro/101632285,"27 iul. 2025, 11:05"
https://999.md/ro/101276776,"27 iul. 2025, 11:03"
https://999.md/ro/101601286,"27 iul. 2025, 11:00"
https://999.md/ro/101610695,"27 iul. 2025, 11:00"
https://999.md/ro/101607898,"27 iul. 2025, 11:00"
https://999.md/ro/89474441,"27 iul. 2025, 11:00"
https://999.md/ro/101560746,"27 iul. 2025, 11:00"
https://999.md/ro/100432268,"27 iul. 2025, 11:00"
https://999.md/ro/101580916,"27 iul. 2025, 11:00"
https://999.md/ro/101421959,"27 iul. 2025, 11:00"
https://999.md/ro/101652115,"27 iul. 2025, 11:00"
https://999.md/ro/101448710,"27 iul. 2025, 11:00"
https://999.md/ro/101360338,"27 iul. 2025, 11:00"
https://999.md/ro/101360296,"27 iul. 2025, 11:00"
https://999.md/ro/101468796,"27 iul. 2025, 11:00"
https://999.md/ro/101381175,"27 iul. 2025, 11:00"
https://999.md/ro/101622693,"27 iul. 2025, 11:00"
https://999.md/ro/101258619,"27 iul. 2025, 11:00"
https://999.md/ro/101261015,"27 iul. 2025, 11:00"
https://999.md/ro/101337244,"27 iul. 2025, 11:00"
https://999.md/ro/101331841,"27 iul. 2025, 11:00"
https://999.md/ro/101212550,"27 iul. 2025, 11:00"
